{
  "model_name": "mobilenetv2_transfer",
  "timestamp": "20260628_181653",
  "pretrained_weights": "imagenet",
  "base_model": "MobileNetV2",
  "input_shape": [
    96,
    96,
    3
  ],
  "batch_size": 32,
  "feature_epochs": 15,
  "fine_tune_epochs": 20,
  "fine_tune_last_layers": 30,
  "feature_learning_rate": 0.001,
  "fine_tune_learning_rate": 1e-05,
  "optimizer": "Adam",
  "loss": "categorical_crossentropy",
  "metrics": [
    "accuracy",
    "auc"
  ],
  "class_weight": {
    "0": 1.0192082157913087,
    "1": 9.630128781072177,
    "2": 1.0012143479885416,
    "3": 0.5697806286990112,
    "4": 0.8261819116135662,
    "5": 0.8495600940579672,
    "6": 1.2925074362890907
  },
  "train_dir": "data\\processed\\train",
  "validation_dir": "data\\processed\\validation",
  "test_dir": "data\\original\\test",
  "output_dir": "experiments\\20260628_181653_mobilenetv2_transfer",
  "total_params": 2266951,
  "feature_trainable_params": 8967,
  "fine_tune_trainable_params": 1519687,
  "model_size_mb": 20.813408851623535,
  "feature_train_time_seconds": 702.5154422000014,
  "fine_tune_train_time_seconds": 1994.7795561999992,
  "total_train_time_seconds": 2697.2949984000006,
  "evaluate_time_seconds": 10.68999960000292,
  "predict_time_seconds": 10.042528600002697,
  "inference_time_ms_per_image": 1.3990705767627052,
  "test_loss": 1.24704909324646,
  "test_accuracy": 0.5352466106414795,
  "test_auc": 0.8690404891967773,
  "macro_f1": 0.48557814937645144,
  "weighted_f1": 0.5225789087129731,
  "best_val_loss": 1.2512109279632568,
  "best_val_loss_epoch": 28,
  "best_val_accuracy": 0.5293502807617188,
  "best_val_accuracy_epoch": 28,
  "best_val_auc": 0.8678080439567566,
  "best_val_auc_epoch": 28
}