phase,epoch,accuracy,auc,loss,val_accuracy,val_auc,val_loss,learning_rate
feature_extraction,0,0.2782149016857147,0.6674096584320068,1.9881033897399902,0.38564708828926086,0.7673190236091614,1.6045252084732056,0.0010000000474974513
feature_extraction,1,0.32847145199775696,0.7205096483230591,1.7700260877609253,0.38982754945755005,0.7790278196334839,1.5678446292877197,0.0010000000474974513
feature_extraction,2,0.3401026427745819,0.7308732271194458,1.7294058799743652,0.41839399933815,0.7885016798973083,1.5322175025939941,0.0010000000474974513
feature_extraction,3,0.3344425559043884,0.727810263633728,1.7359758615493774,0.4035882353782654,0.7769767045974731,1.5897284746170044,0.0010000000474974513
feature_extraction,4,0.33892086148262024,0.7307921648025513,1.7331453561782837,0.3934854567050934,0.7682655453681946,1.6228104829788208,0.0010000000474974513
feature_extraction,5,0.3502410054206848,0.7403960227966309,1.6754451990127563,0.3884340822696686,0.7721942663192749,1.5857359170913696,0.0005000000237487257
feature_extraction,6,0.354408323764801,0.7453173398971558,1.653725266456604,0.4034140408039093,0.7785477638244629,1.5662834644317627,0.0005000000237487257
feature_extraction,7,0.3694915175437927,0.7544714212417603,1.6113405227661133,0.38460198044776917,0.7660578489303589,1.6167047023773193,0.0002500000118743628
