experiment_name,model_name,base_model,pretrained_weights,input_size,test_accuracy,macro_f1,weighted_f1,test_auc,num_params,model_size_mb,train_time_seconds,inference_time_ms_per_image,experiment_dir
20260628_120337_cnn_v1,cnn_v1,Custom CNN,none,48x48x1,0.5705,0.5245819718321878,0.5601477946971524,0.8918,305639,1.4032001495361328,1468.5,,experiments\20260628_120337_cnn_v1
20260628_124858_mobilenetv2_transfer,mobilenetv2_transfer,MobileNetV2,imagenet,96x96x3,0.515324592590332,0.4615477600164059,0.5025563957876698,0.8579760789871216,2266951,20.815458297729492,2945.7980001000005,1.525576567289026,experiments\20260628_124858_mobilenetv2_transfer
