epoch,accuracy,auc,learning_rate,loss,val_accuracy,val_auc,val_loss
0,0.1009485274553299,0.5123730897903442,0.003000000026077032,2.023399829864502,0.018463682383298874,0.47982412576675415,1.9562113285064697
1,0.04139325022697449,0.4702392816543579,0.003000000026077032,1.9597324132919312,0.017941124737262726,0.458452045917511,1.9503439664840698
