{
  "model_name": "mobilenetv2_transfer",
  "timestamp": "20260705_190109",
  "pretrained_weights": "imagenet",
  "base_model": "MobileNetV2",
  "input_shape": [
    96,
    96,
    3
  ],
  "batch_size": 32,
  "feature_epochs": 15,
  "fine_tune_epochs": 20,
  "fine_tune_last_layers": 30,
  "feature_learning_rate": 0.001,
  "fine_tune_learning_rate": 1e-05,
  "optimizer": "Adam",
  "loss": "categorical_crossentropy",
  "metrics": [
    "accuracy",
    "auc"
  ],
  "class_weight": {
    "0": 1.0192082157913087,
    "1": 9.630128781072177,
    "2": 1.0012143479885416,
    "3": 0.5697806286990112,
    "4": 0.8261819116135662,
    "5": 0.8495600940579672,
    "6": 1.2925074362890907
  },
  "train_dir": "data\\processed\\train",
  "validation_dir": "data\\processed\\validation",
  "test_dir": "data\\original\\test",
  "output_dir": "experiments\\20260705_190109_mobilenetv2_transfer",
  "total_params": 2266951,
  "feature_trainable_params": 8967,
  "fine_tune_trainable_params": 1519687,
  "model_size_mb": 20.813419342041016,
  "feature_train_time_seconds": 462.60615700000017,
  "fine_tune_train_time_seconds": 1852.2629312999998,
  "total_train_time_seconds": 2314.8690883,
  "evaluate_time_seconds": 10.872653700000228,
  "predict_time_seconds": 10.496525800001109,
  "inference_time_ms_per_image": 1.4623190025078168,
  "test_loss": 1.165526270866394,
  "test_accuracy": 0.5823349356651306,
  "test_auc": 0.8907439112663269,
  "macro_f1": 0.5733188316111314,
  "weighted_f1": 0.580650238438997,
  "best_val_loss": 1.1717857122421265,
  "best_val_loss_epoch": 27,
  "best_val_accuracy": 0.5782964825630188,
  "best_val_accuracy_epoch": 26,
  "best_val_auc": 0.8892966508865356,
  "best_val_auc_epoch": 27
}