{
  "model_name": "ResNet50_transfer",
  "timestamp": "20260705_201240",
  "pretrained_weights": "imagenet",
  "base_model": "ResNet50",
  "input_shape": [
    224,
    224,
    3
  ],
  "batch_size": 32,
  "feature_epochs": 15,
  "fine_tune_epochs": 20,
  "fine_tune_last_layers": 30,
  "feature_learning_rate": 0.001,
  "fine_tune_learning_rate": 1e-05,
  "optimizer": "Adam",
  "loss": "categorical_crossentropy",
  "metrics": [
    "accuracy",
    "auc"
  ],
  "class_weight": {
    "0": 1.0192082157913087,
    "1": 9.630128781072177,
    "2": 1.0012143479885416,
    "3": 0.5697806286990112,
    "4": 0.8261819116135662,
    "5": 0.8495600940579672,
    "6": 1.2925074362890907
  },
  "train_dir": "data\\processed\\train",
  "validation_dir": "data\\processed\\validation",
  "test_dir": "data\\original\\test",
  "output_dir": "experiments\\20260705_201240_ResNet50_transfer",
  "total_params": 23602055,
  "feature_trainable_params": 14343,
  "fine_tune_trainable_params": 14443015,
  "model_size_mb": 200.87303638458252,
  "feature_train_time_seconds": 14540.468882100016,
  "fine_tune_train_time_seconds": 14047.330033099977,
  "total_train_time_seconds": 28587.798915199994,
  "evaluate_time_seconds": 183.40417900000466,
  "predict_time_seconds": 174.3597700999817,
  "inference_time_ms_per_image": 24.290856798548578,
  "test_loss": 1.112629771232605,
  "test_accuracy": 0.607550859451294,
  "test_auc": 0.901689350605011,
  "macro_f1": 0.5975495941873203,
  "weighted_f1": 0.6069645033060721,
  "best_val_loss": 1.0974326133728027,
  "best_val_loss_epoch": 21,
  "best_val_accuracy": 0.6255007982254028,
  "best_val_accuracy_epoch": 27,
  "best_val_auc": 0.9036362767219543,
  "best_val_auc_epoch": 21
}