{
  "model_name": "mobilenetv2_transfer",
  "timestamp": "20260628_124858",
  "pretrained_weights": "imagenet",
  "base_model": "MobileNetV2",
  "input_shape": [
    96,
    96,
    3
  ],
  "batch_size": 32,
  "feature_epochs": 15,
  "fine_tune_epochs": 20,
  "fine_tune_last_layers": 30,
  "feature_learning_rate": 0.001,
  "fine_tune_learning_rate": 1e-05,
  "optimizer": "Adam",
  "loss": "categorical_crossentropy",
  "metrics": [
    "accuracy",
    "auc"
  ],
  "class_weight": {
    "0": 1.0192082157913087,
    "1": 9.630128781072177,
    "2": 1.0012143479885416,
    "3": 0.5697806286990112,
    "4": 0.8261819116135662,
    "5": 0.8495600940579672,
    "6": 1.2925074362890907
  },
  "train_dir": "data\\processed\\train",
  "validation_dir": "data\\processed\\validation",
  "test_dir": "data\\original\\test",
  "output_dir": "experiments\\20260628_124858_mobilenetv2_transfer",
  "total_params": 2266951,
  "feature_trainable_params": 8967,
  "fine_tune_trainable_params": 1519687,
  "model_size_mb": 20.815458297729492,
  "feature_train_time_seconds": 1162.8117852999994,
  "fine_tune_train_time_seconds": 1782.986214800001,
  "total_train_time_seconds": 2945.7980001000005,
  "evaluate_time_seconds": 11.690566799999942,
  "predict_time_seconds": 10.950588600000629,
  "inference_time_ms_per_image": 1.525576567289026,
  "test_loss": 1.2861254215240479,
  "test_accuracy": 0.515324592590332,
  "test_auc": 0.8579760789871216,
  "macro_f1": 0.4615477600164059,
  "weighted_f1": 0.5025563957876698,
  "best_val_loss": 1.2880839109420776,
  "best_val_loss_epoch": 35,
  "best_val_accuracy": 0.5154154300689697,
  "best_val_accuracy_epoch": 34,
  "best_val_auc": 0.8571757078170776,
  "best_val_auc_epoch": 35
}